<?xml version="1.0" encoding="UTF-8"?>
<project-private xmlns="http://www.netbeans.org/ns/project-private/1">
    <editor-bookmarks xmlns="http://www.netbeans.org/ns/editor-bookmarks/2" lastBookmarkId="0"/>
    <open-files xmlns="http://www.netbeans.org/ns/projectui-open-files/2">
        <group>
            <file>file:/C:/Users/shadn/OneDrive/GitHub/JavaBasicsII/InventorySupplySystem/src/Controllers/MainScreenController.java</file>
            <file>file:/C:/Users/shadn/OneDrive/GitHub/JavaBasicsII/InventorySupplySystem/src/Controllers/ModifyProductController.java</file>
            <file>file:/C:/Users/shadn/OneDrive/GitHub/JavaBasicsII/InventorySupplySystem/src/Model/InHouse.java</file>
            <file>file:/C:/Users/shadn/OneDrive/GitHub/JavaBasicsII/InventorySupplySystem/src/Model/Supply.java</file>
            <file>file:/C:/Users/shadn/OneDrive/GitHub/JavaBasicsII/InventorySupplySystem/src/Controllers/ModifyPartController.java</file>
            <file>file:/C:/Users/shadn/OneDrive/GitHub/JavaBasicsII/InventorySupplySystem/src/Model/Product.java</file>
            <file>file:/C:/Users/shadn/OneDrive/GitHub/JavaBasicsII/InventorySupplySystem/src/Main/SupplyProgram.java</file>
            <file>file:/C:/Users/shadn/OneDrive/GitHub/JavaBasicsII/InventorySupplySystem/src/Util/Dbu.java</file>
            <file>file:/C:/Users/shadn/OneDrive/GitHub/JavaBasicsII/InventorySupplySystem/src/Controllers/AddPartController.java</file>
            <file>file:/C:/Users/shadn/OneDrive/GitHub/JavaBasicsII/InventorySupplySystem/src/Model/Part.java</file>
            <file>file:/C:/Users/shadn/OneDrive/GitHub/JavaBasicsII/InventorySupplySystem/test/Controllers/ModifyPartControllerTest.java</file>
            <file>file:/C:/Users/shadn/OneDrive/GitHub/JavaBasicsII/InventorySupplySystem/src/Controllers/AddProductController.java</file>
            <file>file:/C:/Users/shadn/OneDrive/GitHub/JavaBasicsII/InventorySupplySystem/src/Model/OutSourced.java</file>
            <file>file:/C:/Users/shadn/OneDrive/GitHub/JavaBasicsII/InventorySupplySystem/test/Model/InHouseTest.java</file>
        </group>
    </open-files>
</project-private>
